{
	"partitions" : [
		{
			"name" : "Top",
			"pins" : [
				{
					"name" : "output[0]",
					"strict" : false
				},
				{
					"name" : "output[1]",
					"strict" : false
				},
				{
					"name" : "output[2]",
					"strict" : false
				},
				{
					"name" : "output[3]",
					"strict" : false
				},
				{
					"name" : "input[0]",
					"strict" : false
				},
				{
					"name" : "rst",
					"strict" : false
				},
				{
					"name" : "load_n",
					"strict" : false
				},
				{
					"name" : "clk",
					"strict" : false
				},
				{
					"name" : "up_n",
					"strict" : false
				},
				{
					"name" : "input[1]",
					"strict" : false
				},
				{
					"name" : "input[2]",
					"strict" : false
				},
				{
					"name" : "input[3]",
					"strict" : false
				}
			]
		}
	]
}